{
  "scripts/samowl_pipeline.py": 1776558707.356913,
  "src/samowl.cpp": 1776558684.0911543,
  "README.md": 1776559041.5546236,
  "CMakeLists.txt": 1776558526.339895,
  "data/owlvit-base-patch32/merges.txt": 1776555990.3299527
}